<?xml version="1.0" encoding="utf-8"?>
<ArrayOfBill xmlns:xsi="http://www.w3.org/2001/XMLSchema-instance" xmlns:xsd="http://www.w3.org/2001/XMLSchema">
  <Bill>
    <dailyPay>9452</dailyPay>
    <dayCount>4</dayCount>
    <penaltyADay>1418</penaltyADay>
    <penaltyDays>5</penaltyDays>
  </Bill>
  <Bill>
    <dailyPay>7827</dailyPay>
    <dayCount>5</dayCount>
    <penaltyADay>442</penaltyADay>
    <penaltyDays>10</penaltyDays>
  </Bill>
  <Bill>
    <dailyPay>19956</dailyPay>
    <dayCount>4</dayCount>
    <penaltyADay>1385</penaltyADay>
    <penaltyDays>7</penaltyDays>
  </Bill>
  <Bill>
    <dailyPay>11246</dailyPay>
    <dayCount>9</dayCount>
    <penaltyADay>1783</penaltyADay>
    <penaltyDays>8</penaltyDays>
  </Bill>
  <Bill>
    <dailyPay>5558</dailyPay>
    <dayCount>2</dayCount>
    <penaltyADay>217</penaltyADay>
    <penaltyDays>7</penaltyDays>
  </Bill>
</ArrayOfBill>